{
	"class_name" : "PinholeCameraParameters",
	"extrinsic" : 
	[
		0.999995500003375,
		0.0,
		-0.0029999955000020251,
		0.0,
		0.0,
		-1.0,
		-0.0,
		0.0,
		-0.0029999955000020251,
		-0.0,
		-0.999995500003375,
		0.0,
		-1.067136151108486,
		-1.3206725404354103,
		182.49022791440012,
		1.0
	],
	"intrinsic" : 
	{
		"height" : 1043,
		"intrinsic_matrix" : 
		[
			903.26449614716955,
			0.0,
			0.0,
			0.0,
			903.26449614716955,
			0.0,
			923.5,
			521.0,
			1.0
		],
		"width" : 1848
	},
	"version_major" : 1,
	"version_minor" : 0
}